date,rating,text,source
2026-03-01,5,Absolutely love this app! The new update is amazing and works perfectly.,survey
2026-03-01,1,App keeps crashing every time I open it. Very frustrating and unusable.,survey
2026-03-02,4,Great features overall but the loading speed could be improved a bit.,survey
2026-03-02,2,Too many ads and premium popups. Cannot listen to music without interruption.,survey
2026-03-03,5,Best music app I have ever used. Recommend to everyone.,survey
2026-03-03,1,Terrible update broke everything. Songs skip and playlist does not save.,survey
2026-03-04,3,Average app. Nothing special but gets the job done most of the time.,survey
2026-03-04,2,Battery drain is insane. App heats up my phone within minutes of use.,survey
2026-03-05,5,Customer support was very helpful and resolved my issue quickly.,survey
2026-03-05,1,Cannot download songs for offline listening. Feature is completely broken.,survey
2026-03-06,4,UI is clean and intuitive. Very easy to navigate and find songs.,survey
2026-03-06,2,App crashes when switching between playlists. This is a known bug for months.,survey
2026-03-07,5,Love the personalized recommendations. Discover weekly is always on point.,survey
2026-03-07,1,Login keeps failing. Cannot access my account. Lost all my saved playlists.,survey
2026-03-08,3,Decent app but competitors offer better free tier without so many restrictions.,survey
2026-03-08,4,Sound quality is excellent. Can really hear the difference in audio quality.,survey
2026-03-09,1,Constant buffering even on fast wifi. Streaming quality is terrible now.,survey
2026-03-09,5,The collaborative playlist feature is fantastic. Use it daily with friends.,survey
2026-03-10,2,Premium price is too high for what is offered. Not worth the monthly cost.,survey
2026-03-10,4,Works well on all my devices. Seamless sync between phone and laptop.,survey
2026-03-11,1,Dark mode is broken on the latest version. White flash burns my eyes at night.,survey
2026-03-11,5,Amazing app. Updated regularly with new features. Best music streaming service.,survey
2026-03-12,3,App is okay but nothing extraordinary. Expected more from a paid subscription.,survey
2026-03-12,1,Cannot play songs in a specific order. Shuffle is forced on free accounts.,survey
2026-03-13,5,Podcast selection is incredible. Found so many new shows I love.,survey
2026-03-13,2,Search function is broken. Cannot find songs by lyrics anymore.,survey
2026-03-14,4,Great app overall. Minor bugs here and there but nothing major.,survey
2026-03-14,1,App deleted all my downloaded songs after update. One month of downloads gone.,survey
2026-03-15,5,Love the sleep timer feature. Perfect for falling asleep to music.,survey
2026-03-15,3,Mixed feelings. Some features are great but too many bugs in recent updates.,survey
2026-03-01,1,Crashes constantly on Android 14. Developer needs to fix this urgently.,survey
2026-03-02,5,Best app on the market. Worth every penny of the premium subscription.,survey
2026-03-03,2,Ads are way too frequent and too loud. Cannot enjoy music at all.,survey
2026-03-04,4,Really smooth performance after the latest patch. Good job dev team.,survey
2026-03-05,1,App freezes when I try to share a song. Completely broken share feature.,survey
2026-03-06,5,Brilliant app. The crossfade feature between songs is absolutely perfect.,survey
2026-03-07,2,Too many bugs in the latest update. Rolling back to previous version.,survey
2026-03-08,4,Offline mode works great. Perfect for long flights without internet.,survey
2026-03-09,1,Customer service is non-existent. Sent three emails and got no response.,survey
2026-03-10,5,Incredible music library. Can find any song from any era instantly.,survey
2026-03-11,2,App randomly pauses music. Very annoying during workouts.,survey
2026-03-12,4,Love the artist radio feature. Always discovers new music I enjoy.,survey
2026-03-13,1,Premium subscription charged twice this month. Billing error not resolved.,survey
2026-03-14,5,Perfect app for music lovers. Has everything you could possibly need.,survey
2026-03-15,3,Okay app but the free version is too restricted to be useful.,survey
2026-03-01,4,Good sound quality and a huge selection. Happy with this service.,survey
2026-03-02,1,App crashes on startup every single time after the latest update.,survey
2026-03-03,5,Exceptional app. The algorithm always knows what I want to listen to.,survey
2026-03-04,2,Too expensive for the quality offered. Many competitors do better for less.,survey
2026-03-05,4,Reliable and fast. Never had major issues with this app over two years.,survey
